<?xml version="1.0" encoding="UTF-8"?>
<project-private xmlns="http://www.netbeans.org/ns/project-private/1">
    <editor-bookmarks xmlns="http://www.netbeans.org/ns/editor-bookmarks/2" lastBookmarkId="0"/>
    <open-files xmlns="http://www.netbeans.org/ns/projectui-open-files/2">
        <group>
            <file>file:/C:/Users/PETER/Documents/NetBeansProjects/Empress_Telefonica/src/empress_telefonica/Empress_Telefonica.java</file>
            <file>file:/C:/Users/PETER/Documents/NetBeansProjects/Empress_Telefonica/src/Modelo/Venta.java</file>
            <file>file:/C:/Users/PETER/Documents/NetBeansProjects/Empress_Telefonica/src/Modelo/Empresa.java</file>
            <file>file:/C:/Users/PETER/Documents/NetBeansProjects/Empress_Telefonica/src/Modelo/Persona.java</file>
            <file>file:/C:/Users/PETER/Documents/NetBeansProjects/Empress_Telefonica/src/Modelo/Cliente.java</file>
            <file>file:/C:/Users/PETER/Documents/NetBeansProjects/Empress_Telefonica/src/Modelo/Agente.java</file>
            <file>file:/C:/Users/PETER/Documents/NetBeansProjects/Empress_Telefonica/src/Modelo/Devolucion.java</file>
            <file>file:/C:/Users/PETER/Documents/NetBeansProjects/Empress_Telefonica/src/Controlador/Filehandler.java</file>
            <file>file:/C:/Users/PETER/Documents/NetBeansProjects/Empress_Telefonica/src/Vista/INICIO.java</file>
        </group>
    </open-files>
</project-private>
